[{"id":"@@MAC_ADDR@@.@@PAYLOAD@@.e9db0c","type":"rpi-emitter","z":"","name":"DHT sensor","channel":"dhtsensor.@@MAC_ADDR@@","note":"","x":330,"y":360,"wires":[["@@MAC_ADDR@@.@@PAYLOAD@@.3a43ea"]]},{"id":"@@MAC_ADDR@@.@@PAYLOAD@@.5d074","type":"rpi-listener","z":"","name":"Motor control 1","channel":"motorctrl.@@MAC_ADDR@@","note":"","x":660,"y":580,"wires":[]},{"id":"@@MAC_ADDR@@.@@PAYLOAD@@.3a43ea","type":"okmm-dht-emitter","z":"","name":"DHT sensor","channel":"dhtsensor.@@MAC_ADDR@@","server":"@@MAC_ADDR@@.@@PAYLOAD@@.04b7","note":"","x":640,"y":360,"wires":[]},{"id":"@@MAC_ADDR@@.@@PAYLOAD@@.69a0ca","type":"okmm-switch-listener","z":"","name":"Motor control 1","channel":"motorctrl.@@MAC_ADDR@@","server":"@@MAC_ADDR@@.@@PAYLOAD@@.04b7","note":"","x":340,"y":580,"wires":[["@@MAC_ADDR@@.@@PAYLOAD@@.5d074"]]},{"id":"@@MAC_ADDR@@.@@PAYLOAD@@.ca0e9","type":"rpi-listener","z":"","name":"Motor control 2","channel":"motorctrl2.@@MAC_ADDR@@","note":"","x":660,"y":640,"wires":[]},{"id":"@@MAC_ADDR@@.@@PAYLOAD@@.5ec654","type":"okmm-switch-listener","z":"","name":"Motor control 2","channel":"motorctrl2.@@MAC_ADDR@@","server":"@@MAC_ADDR@@.@@PAYLOAD@@.04b7","note":"","x":340,"y":640,"wires":[["@@MAC_ADDR@@.@@PAYLOAD@@.ca0e9"]]},{"id":"@@MAC_ADDR@@.@@PAYLOAD@@.04b7","type":"okmm-connector","z":"","name":"@@DEVICE_NAME@@","channel":"@@MAC_ADDR@@","host":"http://133.186.135.53","port":80}]
